claim_id,claim,theorem_or_lemma,proof_or_checker,source_or_test,article_location,raw_result,maturity,boundary,fresh_recheck
local-composition,Local naturality of all nodes implies naturality of every executed output and natural observation,Proposition 2.1,proofs/theory.md; src/checker.py,all 63 cases,Section 2,results/case_verification.json,proved; finite_checked,No converse from final outputs alone,2026-09-12; proof reread and evidence regenerated; not independent external review
generator-extension,Generator squares imply every declared arrow square,Proposition 2.1; Proposition 7.2,proofs/theory.md; src/checker.py,all categories; incomplete-generator rejection,Sections 2 and 7,results/case_verification.json,proved; finite_checked,After category and functor validation,2026-09-12; proof reread and evidence regenerated; not independent external review
dag-converse,Jointly monic node-output observations plus formal-tuple coverage reflect local naturality,Proposition 2.2,proofs/theory.md,correlated-inputs control,Section 2,results/case_verification.json,proved; finite_checked,"Sufficient for general DAGs; coverage is joint, not marginal",2026-09-12; proof reread and control regenerated; not independent external review
operator-relative-identifiability,Required observation strength depends on the admitted operator class,Sections 2.1 and 6.1 synthesis,proofs/theory.md,B2 cardinality and membership controls,Sections 2 and 6; Table 2,results/closure_verification.json; results/reversible_verification.json,proved endpoints; synthesized comparison,Not an exact theorem for arbitrary mixed semigroups,2026-09-12; endpoints rechecked; not independent external review
reversible-masking,Two reversible factors can compensate while their composite remains natural,B2 compensating example,src/reversible_oracle.py,atom swap on B2,Figure 1; Section 2,results/reversible_verification.json,proved; finite_checked,Minimality only in the declared small fragment,2026-09-12; oracle rerun; not independent external review
closure-separation,A monotone observation family identifies every closure iff it separates strict comparable pairs,Theorem 3.2,proofs/theory.md; src/closure_checker.py,all three exhaustive closure universes,Theorem 3.2; Figure 2; Table 3,results/closure_verification.json,proved; finite_checked,Full input-indexed observed profiles,2026-09-12; proof reread and oracle rerun; not independent external review
closure-capacity,Ordered scalar range capacity for identifying all closures is exact,Corollary 3.3,proofs/theory.md,longest-chain lower bound; clipped-rank construction,Corollary 3.3,results/closure_verification.json,proved; finite_checked,Poststate monotone coordinates; not arbitrary encodings,2026-09-12; proof reread; not independent external review
asymmetric-cancellation,An observed transported closure square reflects its underlying square,Theorem 3.1,proofs/theory.md; src/transport_oracle.py,3888 triples; 15552 point squares,Theorem 3.1,results/transport_verification.json,proved; finite_checked,Extensive idempotent source; monotone extensive target; monotone transport; comparable separation,2026-09-12; proof reread and oracle rerun; not independent external review
two-input-witness,A transported closure defect is observed at x or c(x),Theorem 3.1,src/closure_checker.py; src/transport_oracle.py,2728 closure-pair repairs; 240 transported repairs,Theorem 3.1; Table 3,results/closure_verification.json; results/transport_verification.json,proved; finite_checked,"Second input is theorem-derived, not lexicographically minimal",2026-09-12; evidence regenerated; not independent external review
hypothesis-controls,Removing any one of five retained assumptions can invalidate asymmetric cancellation,Table 1 countertables,src/transport_oracle.py,five exact B2 controls,Table 1,results/transport_verification.json,proved; finite_checked,Each control drops one named operator/transport assumption,2026-09-12; oracle rerun; not independent external review
forest-collapse,Nested closures on unique-parent paths absorb to the terminal closure,Lemma 4.1,proofs/theory.md; src/checker.py,nested closure pipeline and forest cases,Lemma 4.1,results/case_verification.json,proved; finite_checked,Unary forest with common ambient lattice and transport,2026-09-12; proof reread and new forest cases regenerated; not independent external review
forest-reflection,Branching nested closure forests reflect local naturality without prefix surjectivity,Theorem 4.2,proofs/theory.md; src/checker.py; src/campaign.py,30 recognized closure-forest cases including six new branching cases,Theorem 4.2,results/case_verification.json,proved; finite_checked,No merge nodes; all sinks are full outputs; internal observations are natural and comparable-strict,2026-09-12; proof reread and evidence regenerated; not independent external review
forest-witness,A forest defect is exposed at an actual root input x or c_v(x),Corollary 4.3,proofs/theory.md; src/checker.py,mutated closure-forest cases; closure-boolean-2-mutated-flat strictness control,Corollary 4.3,results/case_verification.json,proved; finite_checked,Requires natural observation families and strict comparable-pair separation at generator targets; flat observer is an excluded negative control,2026-09-25; proof wording corrected; exact flat-control tables and input tested; not independent external review
forest-boundaries,Nonnesting and merge nodes separately defeat the forest converse,Section 4 counterexamples,proofs/theory.md; tests/test_checker.py,non-nested-closure-control; correlated-inputs,Section 4,results/case_verification.json,proved; finite_checked,Does not characterize arbitrary DAGs or mixed pipelines; passive full visibility at a merge does not determine unreachable tuples,2026-09-25; correlated-input and nonnested controls rerun; not independent external review
reversible-reflection,Trivial cut stabilizers are necessary and sufficient for universal reversible reflection,Theorem 5.1,proofs/theory.md Theorem 11; src/reversible_oracle.py,256 factorizations,Theorem 5.1,results/reversible_verification.json,proved; finite_checked,"Common finite lattice; identity transports; connected category; m,n at least two",2026-09-25; matching proof restored to proof note and oracle rerun; not independent external review
factorization-count,Observed-compatible fixed-composite factorizations equal |G|^(n-1) product |K_i|^(m-1),Theorem 5.1,proofs/theory.md Theorem 11; src/reversible_oracle.py,none/rank/one-cut/both-cut observations,Theorem 5.1,results/reversible_verification.json,proved; finite_checked,All factors are order automorphisms in the declared class,2026-09-25; matching proof restored to proof note and oracle rerun; not independent external review
counter-optimum,Minimum unweighted subset-count probes is ceil(log2 D(J(L))),Lemma 6.1; Theorem 6.2,proofs/theory.md; src/probe_checker.py; tests/test_checker.py,complete 50-poset canonical universe; exact distinguishing-number minima; 1294 ordered support families; three mutation tests,Theorem 6.2,results/probe_verification.json; results/measured_job_logs/probe-check.stdout.txt,proved; finite_checked,"Not weighted-sum, bit-cost, or arbitrary-observer optimality",2026-09-25; independent D minima and universe completeness checked; inflated-D/deletion/duplication mutations rejected
canonical-witness,Every local failure has a canonical one-generator failed square,Proposition 7.2,proofs/theory.md; src/checker.py; tests/test_checker.py,all 43 defective graph cases,Proposition 7.2,results/case_verification.json,proved; finite_checked,Minimum word length in the declared finite presentation only,2026-09-12; proof reread and evidence regenerated; not independent external review
finite-checker,A certificate is accepted iff it matches the recomputed finite equations and canonical witness,Proposition 7.1,proofs/theory.md; src/checker.py; tests/test_checker.py,63 certificates; current suite 48 regression tests,Proposition 7.1,results/case_verification.json; tests/test_checker.py,algorithmically_proved; finite_checked,Python/runtime not proof-assistant verified; historical measured logs contain 45 tests,2026-10-06; current 48 tests and 63 certificates executed in a fresh native-Windows finite-script audit; not the Linux runner or hosted CI
finite-semantics,Three pairwise nonisomorphic distributive domains admit sound extensive skip coarsenings,Section 7 semantic fixtures,proofs/theory.md; src/pilot.py,4/8/9-state domains; full-interval negative control,Section 7,results/pilot.json,proved; finite_checked,"Disjunctive signs and anchored boxes, not unrestricted analyses",2026-09-12; proof note and fixtures rechecked; not independent external review
corpus-counts,63 cases check 100638 equations and include 34 final-output-masked local defects,Proposition 7.1,src/campaign.py,complete bundled graph corpus,Section 7; Tables 3 and 4,results/campaign_summary.json; results/case_summary.csv,finite_checked,Theorem-directed generated cases; not workload representativeness,2026-09-25; corpus regenerated and 73 deterministic files directly compared
comparison-results,Final-only exposes 9/43 defects; augmented interface 37/43; generator-local 43/43; sampling 753/1376 pairs,Proposition 7.1,src/campaign.py,43 defective cases; 32 fixed seeds,Section 7,results/case_verification.json,finite_checked,Methods test different properties and budgets; no speedup or statistical superiority claim,2026-09-25; regenerated and recalculated
reconstruction,"Historical nine sequential jobs, 45 tests, and 73 deterministic file comparisons complete without resume","Measured run, not general theorem",reproduce.py,fresh output directory,Section 7,results/reproduction_measurements.json; results/measured_job_logs/,measured; historical,Linux 6.18.44; CPython 3.13.5; 7.971551 child CPU seconds; maximum job RSS 98280 KiB; excludes earlier development and current 48-test suite,2026-09-25; historical clean non-resumed supported-environment run exited 0
bibliography,The manuscript contains 63 relevance-selected scholarly references,Bibliography audit,paper/references.bib; BibTeX build,all BibTeX keys cited and 63 bibitems generated,References; Section 1.1,,bibliographically_checked,Core theorem comparisons read at passage/full-text level; not all 63 are claimed as complete full-paper reads,2026-09-12; BibTeX key and citation audit
originality,Venue-native original-research significance and priority are established,Not established,No independent novelty determination,partial full-text/passage-level comparison matrix,CURRENT-STATE.md,,unresolved,"Do not claim priority, acceptance readiness, or independent review",2026-09-12; remains an explicit hold
