name,scholarly_or_official_url,license,access_date,resource_type,acquisition_method,integration_mode,supported_claim,internals_modified
A Categorical Basis for Robust Program Analysis,https://doi.org/10.1145/3808307,citation only; no redistribution,2026-09-12,article,full text or substantive technical passages inspected; bibliographic metadata checked,citation only,Closest categorical robustness foundation and reducible-CFG boundary,no
Abstract Interpretation: A Unified Lattice Model for Static Analysis of Programs by Construction or Approximation of Fixpoints,https://doi.org/10.1145/512950.512973,citation only; no redistribution,2026-09-12,inproceedings,full text or substantive technical passages inspected; bibliographic metadata checked,citation only,"Data-flow, abstract-interpretation, or compositional-analysis foundation",no
Systematic Design of Program Analysis Frameworks,https://doi.org/10.1145/567752.567778,citation only; no redistribution,2026-09-12,inproceedings,full text or substantive technical passages inspected; bibliographic metadata checked,citation only,"Data-flow, abstract-interpretation, or compositional-analysis foundation",no
A Unified Approach to Global Program Optimization,https://doi.org/10.1145/512927.512945,citation only; no redistribution,2026-09-12,inproceedings,bibliographic metadata and cited scholarly record checked; not credited as a complete full-paper read,citation only,"Data-flow, abstract-interpretation, or compositional-analysis foundation",no
Monotone Data Flow Analysis Frameworks,https://doi.org/10.1007/BF00290339,citation only; no redistribution,2026-09-12,article,bibliographic metadata and cited scholarly record checked; not credited as a complete full-paper read,citation only,"Data-flow, abstract-interpretation, or compositional-analysis foundation",no
Two Approaches to Interprocedural Data Flow Analysis,,citation only; no redistribution,2026-09-12,incollection,bibliographic metadata and cited scholarly record checked; not credited as a complete full-paper read,citation only,"Data-flow, abstract-interpretation, or compositional-analysis foundation",no
Principles of Program Analysis,https://doi.org/10.1007/978-3-662-03811-6,citation only; no redistribution,2026-09-12,book,bibliographic metadata and cited scholarly record checked; not credited as a complete full-paper read,citation only,"Data-flow, abstract-interpretation, or compositional-analysis foundation",no
Introduction to Static Analysis: An Abstract Interpretation Perspective,https://mitpress.mit.edu/9780262043410/introduction-to-static-analysis/,citation only; no redistribution,2026-09-12,book,bibliographic metadata and cited scholarly record checked; not credited as a complete full-paper read,citation only,"Data-flow, abstract-interpretation, or compositional-analysis foundation",no
Automatic Discovery of Linear Restraints Among Variables of a Program,https://doi.org/10.1145/512760.512770,citation only; no redistribution,2026-09-12,inproceedings,bibliographic metadata and cited scholarly record checked; not credited as a complete full-paper read,citation only,"Data-flow, abstract-interpretation, or compositional-analysis foundation",no
The Octagon Abstract Domain,https://doi.org/10.1007/s10990-006-8609-1,citation only; no redistribution,2026-09-12,article,bibliographic metadata and cited scholarly record checked; not credited as a complete full-paper read,citation only,"Data-flow, abstract-interpretation, or compositional-analysis foundation",no
The Trace Partitioning Abstract Domain,https://doi.org/10.1145/1275497.1275501,citation only; no redistribution,2026-09-12,article,bibliographic metadata and cited scholarly record checked; not credited as a complete full-paper read,citation only,"Data-flow, abstract-interpretation, or compositional-analysis foundation",no
Lookahead Widening,,citation only; no redistribution,2026-09-12,inproceedings,bibliographic metadata and cited scholarly record checked; not credited as a complete full-paper read,citation only,"Data-flow, abstract-interpretation, or compositional-analysis foundation",no
Precise Interprocedural Dataflow Analysis via Graph Reachability,https://doi.org/10.1145/199448.199462,citation only; no redistribution,2026-09-12,inproceedings,bibliographic metadata and cited scholarly record checked; not credited as a complete full-paper read,citation only,"Data-flow, abstract-interpretation, or compositional-analysis foundation",no
Precise Interprocedural Dataflow Analysis with Applications to Constant Propagation,https://doi.org/10.1016/0304-3975(96)00072-2,citation only; no redistribution,2026-09-12,article,bibliographic metadata and cited scholarly record checked; not credited as a complete full-paper read,citation only,"Data-flow, abstract-interpretation, or compositional-analysis foundation",no
Parametric Shape Analysis via 3-Valued Logic,https://doi.org/10.1145/514188.514190,citation only; no redistribution,2026-09-12,article,bibliographic metadata and cited scholarly record checked; not credited as a complete full-paper read,citation only,"Data-flow, abstract-interpretation, or compositional-analysis foundation",no
Refinement of Path Expressions for Static Analysis,https://doi.org/10.1145/3290358,citation only; no redistribution,2026-09-12,article,bibliographic metadata and cited scholarly record checked; not credited as a complete full-paper read,citation only,"Data-flow, abstract-interpretation, or compositional-analysis foundation",no
Compositional Recurrence Analysis,https://doi.org/10.1109/FMCAD.2015.7542253,citation only; no redistribution,2026-09-12,inproceedings,bibliographic metadata and cited scholarly record checked; not credited as a complete full-paper read,citation only,"Data-flow, abstract-interpretation, or compositional-analysis foundation",no
Numerical Invariants via Abstract Machines,https://doi.org/10.1007/978-3-319-99725-4_3,citation only; no redistribution,2026-09-12,inproceedings,bibliographic metadata and cited scholarly record checked; not credited as a complete full-paper read,citation only,"Data-flow, abstract-interpretation, or compositional-analysis foundation",no
Algebraic Program Analysis,https://doi.org/10.1007/978-3-030-81685-8_3,citation only; no redistribution,2026-09-12,inproceedings,bibliographic metadata and cited scholarly record checked; not credited as a complete full-paper read,citation only,"Data-flow, abstract-interpretation, or compositional-analysis foundation",no
A Categorical Framework for Program Semantics and Semantic Abstraction,https://doi.org/10.46298/entics.12288,citation only; no redistribution,2026-09-12,inproceedings,full text or substantive technical passages inspected; bibliographic metadata checked,citation only,"Data-flow, abstract-interpretation, or compositional-analysis foundation",no
Compositional Characterization of Observable Program Properties,https://doi.org/10.1051/ita/1992260504031,citation only; no redistribution,2026-09-12,article,bibliographic metadata and cited scholarly record checked; not credited as a complete full-paper read,citation only,"Data-flow, abstract-interpretation, or compositional-analysis foundation",no
Compiling with Abstract Interpretation,https://doi.org/10.1145/3656392,citation only; no redistribution,2026-09-12,article,bibliographic metadata and cited scholarly record checked; not credited as a complete full-paper read,citation only,"Data-flow, abstract-interpretation, or compositional-analysis foundation",no
Fast Algorithms for Solving Path Problems,https://doi.org/10.1145/322261.322273,citation only; no redistribution,2026-09-12,article,bibliographic metadata and cited scholarly record checked; not credited as a complete full-paper read,citation only,"Data-flow, abstract-interpretation, or compositional-analysis foundation",no
A Unified Approach to Path Problems,https://doi.org/10.1145/322261.322272,citation only; no redistribution,2026-09-12,article,bibliographic metadata and cited scholarly record checked; not credited as a complete full-paper read,citation only,"Data-flow, abstract-interpretation, or compositional-analysis foundation",no
Completeness in Abstract Interpretation: A Domain Perspective,,citation only; no redistribution,2026-09-12,inproceedings,bibliographic metadata and cited scholarly record checked; not credited as a complete full-paper read,citation only,"Completeness, strong preservation, refinement, or partition-refinement comparison",no
Complete Abstract Interpretations Made Constructive,,citation only; no redistribution,2026-09-12,inproceedings,bibliographic metadata and cited scholarly record checked; not credited as a complete full-paper read,citation only,"Completeness, strong preservation, refinement, or partition-refinement comparison",no
Building Complete Abstract Interpretations in a Linear Logic-Based Setting,,citation only; no redistribution,2026-09-12,inproceedings,bibliographic metadata and cited scholarly record checked; not credited as a complete full-paper read,citation only,"Completeness, strong preservation, refinement, or partition-refinement comparison",no
Making Abstract Interpretations Complete,https://doi.org/10.1145/333979.333989,citation only; no redistribution,2026-09-12,article,bibliographic metadata and cited scholarly record checked; not credited as a complete full-paper read,citation only,"Completeness, strong preservation, refinement, or partition-refinement comparison",no
Making Abstract Domains Condensing,https://doi.org/10.1145/1042038.1042040,citation only; no redistribution,2026-09-12,article,bibliographic metadata and cited scholarly record checked; not credited as a complete full-paper read,citation only,"Completeness, strong preservation, refinement, or partition-refinement comparison",no
Incompleteness of States with Respect to Traces in Model Checking,https://doi.org/10.1016/j.ic.2006.01.001,citation only; no redistribution,2026-09-12,article,bibliographic metadata and cited scholarly record checked; not credited as a complete full-paper read,citation only,"Completeness, strong preservation, refinement, or partition-refinement comparison",no
Observational Completeness on Abstract Interpretation,https://doi.org/10.3233/FI-2011-382,citation only; no redistribution,2026-09-12,article,full text or substantive technical passages inspected; bibliographic metadata checked,citation only,"Completeness, strong preservation, refinement, or partition-refinement comparison",no
The Powerset Operator on Abstract Interpretations,https://doi.org/10.1016/S0304-3975(98)00007-3,citation only; no redistribution,2026-09-12,article,bibliographic metadata and cited scholarly record checked; not credited as a complete full-paper read,citation only,"Completeness, strong preservation, refinement, or partition-refinement comparison",no
On the Completeness of Model Checking,,citation only; no redistribution,2026-09-12,inproceedings,bibliographic metadata and cited scholarly record checked; not credited as a complete full-paper read,citation only,"Completeness, strong preservation, refinement, or partition-refinement comparison",no
Strong Preservation as Completeness in Abstract Interpretation,https://doi.org/10.1007/978-3-540-24725-8_3,citation only; no redistribution,2026-09-12,inproceedings,bibliographic metadata and cited scholarly record checked; not credited as a complete full-paper read,citation only,"Completeness, strong preservation, refinement, or partition-refinement comparison",no
An Abstract Interpretation-Based Refinement Algorithm for Strong Preservation,,citation only; no redistribution,2026-09-12,inproceedings,bibliographic metadata and cited scholarly record checked; not credited as a complete full-paper read,citation only,"Completeness, strong preservation, refinement, or partition-refinement comparison",no
Generalized Strong Preservation by Abstract Interpretation,https://doi.org/10.1093/logcom/exl035,citation only; no redistribution,2026-09-12,article,bibliographic metadata and cited scholarly record checked; not credited as a complete full-paper read,citation only,"Completeness, strong preservation, refinement, or partition-refinement comparison",no
Generalizing the Paige--Tarjan Algorithm by Abstract Interpretation,https://doi.org/10.1016/j.ic.2008.01.001,citation only; no redistribution,2026-09-12,article,full text or substantive technical passages inspected; bibliographic metadata checked,citation only,"Completeness, strong preservation, refinement, or partition-refinement comparison",no
Complete Abstractions Everywhere,,citation only; no redistribution,2026-09-12,inproceedings,bibliographic metadata and cited scholarly record checked; not credited as a complete full-paper read,citation only,"Completeness, strong preservation, refinement, or partition-refinement comparison",no
Counterexample-Guided Abstraction Refinement,https://doi.org/10.1007/10722167_15,citation only; no redistribution,2026-09-12,inproceedings,bibliographic metadata and cited scholarly record checked; not credited as a complete full-paper read,citation only,"Completeness, strong preservation, refinement, or partition-refinement comparison",no
Counterexample-Guided Abstraction Refinement for Symbolic Model Checking,https://doi.org/10.1145/876638.876643,citation only; no redistribution,2026-09-12,article,bibliographic metadata and cited scholarly record checked; not credited as a complete full-paper read,citation only,"Completeness, strong preservation, refinement, or partition-refinement comparison",no
Three Partition Refinement Algorithms,https://doi.org/10.1137/0216062,citation only; no redistribution,2026-09-12,article,bibliographic metadata and cited scholarly record checked; not credited as a complete full-paper read,citation only,"Completeness, strong preservation, refinement, or partition-refinement comparison",no
CCS,https://doi.org/10.1016/0890-5401(90)90025-D,citation only; no redistribution,2026-09-12,article,bibliographic metadata and cited scholarly record checked; not credited as a complete full-paper read,citation only,"Completeness, strong preservation, refinement, or partition-refinement comparison",no
An Efficient Algorithm for Branching Bisimulation and Stuttering Equivalence,,citation only; no redistribution,2026-09-12,inproceedings,bibliographic metadata and cited scholarly record checked; not credited as a complete full-paper read,citation only,"Completeness, strong preservation, refinement, or partition-refinement comparison",no
The Closure Operators of a Lattice,,citation only; no redistribution,2026-09-12,article,bibliographic metadata and cited scholarly record checked; not credited as a complete full-paper read,citation only,"Closure-system, lattice, or distinguishing-number foundation",no
Combinations of Closure Relations,https://doi.org/10.1090/S0002-9947-1944-0010555-7,citation only; no redistribution,2026-09-12,article,bibliographic metadata and cited scholarly record checked; not credited as a complete full-paper read,citation only,"Closure-system, lattice, or distinguishing-number foundation",no
A Lattice-Theoretical Fixpoint Theorem and Its Applications,https://doi.org/10.2140/pjm.1955.5.285,citation only; no redistribution,2026-09-12,article,bibliographic metadata and cited scholarly record checked; not credited as a complete full-paper read,citation only,"Closure-system, lattice, or distinguishing-number foundation",no
Lattice Theory,,citation only; no redistribution,2026-09-12,book,bibliographic metadata and cited scholarly record checked; not credited as a complete full-paper read,citation only,"Closure-system, lattice, or distinguishing-number foundation",no
Introduction to Lattices and Order,https://www.cambridge.org/highereducation/books/introduction-to-lattices-and-order/FFB05AFA5F08C4D9C9804330D91D3A7E,citation only; no redistribution,2026-09-12,book,bibliographic metadata and cited scholarly record checked; not credited as a complete full-paper read,citation only,"Closure-system, lattice, or distinguishing-number foundation",no
Formal Concept Analysis: Mathematical Foundations,https://doi.org/10.1007/978-3-642-59830-2,citation only; no redistribution,2026-09-12,book,bibliographic metadata and cited scholarly record checked; not credited as a complete full-paper read,citation only,"Closure-system, lattice, or distinguishing-number foundation",no
A Theory of Finite Closure Spaces Based on Implications,https://doi.org/10.1006/aima.1994.1069,citation only; no redistribution,2026-09-12,article,bibliographic metadata and cited scholarly record checked; not credited as a complete full-paper read,citation only,"Closure-system, lattice, or distinguishing-number foundation",no
"The Lattices of Closure Systems, Closure Operators, and Implicational Systems on a Finite Set: A Survey",,citation only; no redistribution,2026-09-12,article,bibliographic metadata and cited scholarly record checked; not credited as a complete full-paper read,citation only,"Closure-system, lattice, or distinguishing-number foundation",no
"Polymatroids, Closure Operators and Lattices",https://arxiv.org/abs/2112.04600,citation only; no redistribution,2026-09-12,article,full text or substantive technical passages inspected; bibliographic metadata checked,citation only,"Closure-system, lattice, or distinguishing-number foundation",no
The Theory of Convex Geometries,https://doi.org/10.1007/BF00149365,citation only; no redistribution,2026-09-12,article,bibliographic metadata and cited scholarly record checked; not credited as a complete full-paper read,citation only,"Closure-system, lattice, or distinguishing-number foundation",no
The Distinguishing Number and Distinguishing Chromatic Number for Posets,https://doi.org/10.1007/s11083-021-09583-2,citation only; no redistribution,2026-09-12,article,full text or substantive technical passages inspected; bibliographic metadata checked,citation only,"Closure-system, lattice, or distinguishing-number foundation",no
Symmetry Breaking in Graphs,https://doi.org/10.37236/1242,citation only; no redistribution,2026-09-12,article,bibliographic metadata and cited scholarly record checked; not credited as a complete full-paper read,citation only,"Closure-system, lattice, or distinguishing-number foundation",no
Distinguishing Numbers for Graphs and Groups,https://doi.org/10.37236/1816,citation only; no redistribution,2026-09-12,article,bibliographic metadata and cited scholarly record checked; not credited as a complete full-paper read,citation only,"Closure-system, lattice, or distinguishing-number foundation",no
Identifiable Equivariant Networks Are Layerwise Equivariant,https://arxiv.org/abs/2601.21645,citation only; no redistribution,2026-09-12,article,full text or substantive technical passages inspected; bibliographic metadata checked,citation only,Neighboring equivariance and layerwise-identifiability comparison,no
Group Equivariant Convolutional Networks,https://proceedings.mlr.press/v48/cohenc16.html,citation only; no redistribution,2026-09-12,inproceedings,bibliographic metadata and cited scholarly record checked; not credited as a complete full-paper read,citation only,Neighboring equivariance and layerwise-identifiability comparison,no
Equivariance Through Parameter-Sharing,https://proceedings.mlr.press/v70/ravanbakhsh17a.html,citation only; no redistribution,2026-09-12,inproceedings,bibliographic metadata and cited scholarly record checked; not credited as a complete full-paper read,citation only,Neighboring equivariance and layerwise-identifiability comparison,no
On the Generalization of Equivariance and Convolution in Neural Networks to the Action of Compact Groups,https://proceedings.mlr.press/v80/kondor18a.html,citation only; no redistribution,2026-09-12,inproceedings,bibliographic metadata and cited scholarly record checked; not credited as a complete full-paper read,citation only,Neighboring equivariance and layerwise-identifiability comparison,no
Proof-Carrying Code,https://doi.org/10.1145/263699.263712,citation only; no redistribution,2026-09-12,inproceedings,bibliographic metadata and cited scholarly record checked; not credited as a complete full-paper read,citation only,Certificate/checker and translation-validation trust decomposition,no
Translation Validation,,citation only; no redistribution,2026-09-12,inproceedings,bibliographic metadata and cited scholarly record checked; not credited as a complete full-paper read,citation only,Certificate/checker and translation-validation trust decomposition,no
Formal Verification of Translation Validators: A Case Study on Instruction Scheduling Optimizations,https://doi.org/10.1145/1328438.1328444,citation only; no redistribution,2026-09-12,inproceedings,bibliographic metadata and cited scholarly record checked; not credited as a complete full-paper read,citation only,Certificate/checker and translation-validation trust decomposition,no
elsarticle.cls,https://www.elsevier.com/researcher/author/policies-and-guidelines/latex-instructions,LPPL notice retained in supplied file,2026-09-12,publisher class,matched supplied template and inspected structurally,unmodified manuscript asset,Publisher submission-family formatting,no
elsarticle-num.bst,https://www.elsevier.com/researcher/author/policies-and-guidelines/latex-instructions,LPPL notice retained in supplied file,2026-09-12,publisher bibliography style,matched supplied template and used through BibTeX,unmodified manuscript asset,Numerical bibliography formatting,no
Elsevier LaTeX instructions,https://www.elsevier.com/researcher/author/policies-and-guidelines/latex-instructions,publisher webpage; no redistribution,2026-09-12,official workflow guidance,live first-party page inspected,workflow evidence only,elsarticle family and flat Editorial Manager source guidance,no
Information and Computation Guide for Authors,https://www.sciencedirect.com/journal/information-and-computation/publish/guide-for-authors,not accessed beyond human-verification response,2026-09-12,official workflow guidance,live request blocked by 403/human verification,no journal rule inferred,Unresolved journal-specific rules,no
