case,objects,arrows,generators,nodes,max_domain,locally_natural,globally_natural,local_failures,global_failures,local_diagrams,global_diagrams,generator_diagrams,probe_checks,probe_failures,total_diagrams,table_entries
anchored-boxes-chain-erased,4,9,4,6,9,False,True,24,0,486,81,216,405,45,972,216
anchored-boxes-chain-gauge,4,9,4,6,9,False,True,36,0,486,81,216,405,12,972,216
anchored-boxes-chain-natural,4,9,4,6,9,True,True,0,0,486,81,216,405,0,972,216
anchored-boxes-chain-visible,4,9,4,6,9,False,False,18,18,486,81,216,405,0,972,216
anchored-boxes-diamond-erased,4,9,4,4,9,False,True,24,0,972,81,432,243,18,1296,432
anchored-boxes-diamond-gauge,4,9,4,4,9,False,True,144,0,972,81,432,243,12,1296,432
anchored-boxes-diamond-natural,4,9,4,4,9,True,True,0,0,972,81,432,243,0,1296,432
anchored-boxes-diamond-visible,4,9,4,4,9,False,False,18,18,972,81,432,243,0,1296,432
anchored-boxes-short-erased,4,9,4,2,9,False,True,24,0,162,81,72,81,9,324,72
anchored-boxes-short-gauge,4,9,4,2,9,False,True,36,0,162,81,72,81,12,324,72
anchored-boxes-short-natural,4,9,4,2,9,True,True,0,0,162,81,72,81,0,324,72
anchored-boxes-short-visible,4,9,4,2,9,False,False,18,18,162,81,72,81,0,324,72
boolean-2-chain-erased,4,9,4,6,4,False,True,9,0,216,36,96,180,30,432,96
boolean-2-chain-gauge,4,9,4,6,4,False,True,12,0,216,36,96,180,6,432,96
boolean-2-chain-gauge-1-2,2,3,1,2,4,False,True,4,0,24,12,8,12,2,48,16
boolean-2-chain-natural,4,9,4,6,4,True,True,0,0,216,36,96,180,0,432,96
boolean-2-chain-visible,4,9,4,6,4,False,False,6,6,216,36,96,180,0,432,96
boolean-2-diamond-erased,4,9,4,4,4,False,True,9,0,252,36,112,108,12,396,112
boolean-2-diamond-gauge,4,9,4,4,4,False,True,24,0,252,36,112,108,6,396,112
boolean-2-diamond-natural,4,9,4,4,4,True,True,0,0,252,36,112,108,0,396,112
boolean-2-diamond-visible,4,9,4,4,4,False,False,6,6,252,36,112,108,0,396,112
boolean-2-short-erased,4,9,4,2,4,False,True,9,0,72,36,32,36,6,144,32
boolean-2-short-gauge,4,9,4,2,4,False,True,12,0,72,36,32,36,6,144,32
boolean-2-short-natural,4,9,4,2,4,True,True,0,0,72,36,32,36,0,144,32
boolean-2-short-visible,4,9,4,2,4,False,False,6,6,72,36,32,36,0,144,32
boolean-3-chain-erased,4,9,4,6,8,False,True,21,0,432,72,192,720,180,1224,192
boolean-3-chain-gauge,4,9,4,6,8,False,True,24,0,432,72,192,720,12,1224,192
boolean-3-chain-gauge-2-10,4,9,4,10,8,False,True,24,0,720,72,320,1296,12,2088,320
boolean-3-chain-natural,4,9,4,6,8,True,True,0,0,432,72,192,720,0,1224,192
boolean-3-chain-visible,4,9,4,6,8,False,False,12,12,432,72,192,720,0,1224,192
boolean-3-diamond-erased,4,9,4,4,8,False,True,21,0,792,72,352,432,72,1296,352
boolean-3-diamond-gauge,4,9,4,4,8,False,True,84,0,792,72,352,432,12,1296,352
boolean-3-diamond-natural,4,9,4,4,8,True,True,0,0,792,72,352,432,0,1296,352
boolean-3-diamond-visible,4,9,4,4,8,False,False,12,12,792,72,352,432,0,1296,352
boolean-3-short-erased,4,9,4,2,8,False,True,21,0,144,72,64,144,36,360,64
boolean-3-short-gauge,4,9,4,2,8,False,True,24,0,144,72,64,144,12,360,64
boolean-3-short-natural,4,9,4,2,8,True,True,0,0,144,72,64,144,0,360,64
boolean-3-short-visible,4,9,4,2,8,False,False,12,12,144,72,64,144,0,360,64
boolean-5-chain-gauge-3-20,8,27,12,20,32,False,True,288,0,17280,864,7680,49248,144,67392,5120
closure-anchored-boxes-mutated-flat,4,9,4,2,9,False,True,3,0,162,81,72,81,0,324,72
closure-anchored-boxes-mutated-rank,4,9,4,2,9,False,True,3,0,162,81,72,81,3,324,72
closure-anchored-boxes-natural-flat,4,9,4,2,9,True,True,0,0,162,81,72,81,0,324,72
closure-anchored-boxes-natural-rank,4,9,4,2,9,True,True,0,0,162,81,72,81,0,324,72
closure-boolean-2-mutated-flat,4,9,4,2,4,False,True,3,0,72,36,32,36,0,144,32
closure-boolean-2-mutated-rank,4,9,4,2,4,False,True,3,0,72,36,32,36,3,144,32
closure-boolean-2-natural-flat,4,9,4,2,4,True,True,0,0,72,36,32,36,0,144,32
closure-boolean-2-natural-rank,4,9,4,2,4,True,True,0,0,72,36,32,36,0,144,32
closure-boolean-3-mutated-flat,4,9,4,2,8,False,True,3,0,144,72,64,72,0,288,64
closure-boolean-3-mutated-rank,4,9,4,2,8,False,True,3,0,144,72,64,72,3,288,64
closure-boolean-3-natural-flat,4,9,4,2,8,True,True,0,0,144,72,64,72,0,288,64
closure-boolean-3-natural-rank,4,9,4,2,8,True,True,0,0,144,72,64,72,0,288,64
closure-forest-anchored-boxes-mutated,4,9,4,3,9,False,True,3,0,243,81,108,81,3,405,108
closure-forest-anchored-boxes-natural,4,9,4,3,9,True,True,0,0,243,81,108,81,0,405,108
closure-forest-boolean-2-mutated,4,9,4,3,4,False,True,3,0,108,36,48,36,3,180,48
closure-forest-boolean-2-natural,4,9,4,3,4,True,True,0,0,108,36,48,36,0,180,48
closure-forest-boolean-3-mutated,4,9,4,3,8,False,True,3,0,216,72,96,72,3,360,96
closure-forest-boolean-3-natural,4,9,4,3,8,True,True,0,0,216,72,96,72,0,360,96
correlated-inputs,2,3,1,1,2,False,True,1,0,12,6,4,6,0,24,8
non-nested-closure-control,4,9,4,2,4,False,True,6,0,72,36,32,36,0,144,32
nonbijective-natural,2,3,1,2,4,True,True,0,0,24,12,8,12,0,48,16
nonbijective-nonidempotent,2,3,1,2,4,False,True,1,0,24,12,8,12,0,48,16
nonbijective-visible,2,3,1,2,4,False,True,1,0,24,12,8,12,1,48,16
nonidentity-transport,4,9,4,2,4,True,True,0,0,72,36,32,0,0,108,32
